{"name":"ed5cee19-9f62-4270-af78-2faf7c12505f","id":"/providers/Microsoft.Flow/flows/ed5cee19-9f62-4270-af78-2faf7c12505f","type":"Microsoft.Flow/flows","properties":{"apiId":"/providers/Microsoft.PowerApps/apis/shared_logicflows","displayName":"LegalBot AI Tools - Top Keywords - Template","definition":{"metadata":{"workflowEntityId":null,"flowclientsuspensionreason":"None","flowclientsuspensiontime":null,"creator":{"id":"2eae43cd-3519-445d-ac8c-fec3502cc27b","type":"User","tenantId":"b380e9cb-a266-4b16-9ab5-351c5fd873b0"},"provisioningMethod":"FromDefinition","failureAlertSubscription":true,"clientLastModifiedTime":"2020-11-02T17:30:11.0377955Z"},"$schema":"https://schema.management.azure.com/providers/Microsoft.Logic/schemas/2016-06-01/workflowdefinition.json#","contentVersion":"1.0.0.0","parameters":{"$connections":{"defaultValue":{},"type":"Object"},"$authentication":{"defaultValue":{},"type":"SecureObject"}},"triggers":{"manual":{"type":"Request","kind":"Button","inputs":{"schema":{"type":"object","properties":{"file":{"title":"File Content","type":"object","x-ms-dynamically-added":true,"description":"Please select file or image","x-ms-content-hint":"FILE","properties":{"name":{"type":"string"},"contentBytes":{"type":"string","format":"byte"}}},"boolean":{"title":"Clean Text","type":"boolean","x-ms-dynamically-added":true,"description":"Please select yes or no","x-ms-content-hint":"BOOLEAN"},"boolean_1":{"title":"Use Stopwords","type":"boolean","x-ms-dynamically-added":true,"description":"Please select yes or no","x-ms-content-hint":"BOOLEAN"},"text":{"title":"Stopword model","type":"string","x-ms-dynamically-added":true,"description":"Please enter your input","x-ms-content-hint":"TEXT","enum":["None","Basic","Legal_v1","user_only"]},"number":{"title":"No of Keywords","type":"number","x-ms-dynamically-added":true,"description":"Please enter a number","x-ms-content-hint":"NUMBER"},"text_1":{"title":"Custom stop words","type":"string","x-ms-dynamically-added":true,"description":"Please enter your input","x-ms-content-hint":"TEXT"},"number_1":{"title":"Exclude short words","type":"number","x-ms-dynamically-added":true,"description":"Please enter a number","x-ms-content-hint":"NUMBER"},"text_2":{"title":"Input 2","type":"string","x-ms-dynamically-added":true,"description":"Please enter your input","x-ms-content-hint":"TEXT","enum":["word","noun"]}},"required":["boolean","boolean_1","text","number","text_1","number_1","text_2"]}}}},"actions":{"Create_file":{"runAfter":{},"type":"OpenApiConnection","inputs":{"host":{"apiId":"/providers/Microsoft.PowerApps/apis/shared_onedriveforbusiness","connectionName":"shared_onedriveforbusiness","operationId":"CreateFile"},"parameters":{"folderPath":"/test","name":"@triggerBody()['file']['Name']","body":"@triggerBody()?['file']?['contentBytes']"},"authentication":{"value":"@json(decodeBase64(triggerOutputs().headers['X-MS-APIM-Tokens']))['$ConnectionKey']","type":"Raw"}},"runtimeConfiguration":{"contentTransfer":{"transferMode":"Chunked"}}},"Get_file_content":{"runAfter":{"Create_file":["Succeeded"]},"type":"OpenApiConnection","inputs":{"host":{"apiId":"/providers/Microsoft.PowerApps/apis/shared_onedriveforbusiness","connectionName":"shared_onedriveforbusiness","operationId":"GetFileContent"},"parameters":{"id":"@outputs('Create_file')?['body/Id']","inferContentType":true},"authentication":{"value":"@json(decodeBase64(triggerOutputs().headers['X-MS-APIM-Tokens']))['$ConnectionKey']","type":"Raw"}}},"Compose":{"runAfter":{"Top_Keywords":["Succeeded"]},"type":"Compose","inputs":"@outputs('Top_Keywords')?['body/top_keywords']"},"Top_Keywords":{"runAfter":{"Get_file_content":["Succeeded"]},"type":"OpenApiConnection","inputs":{"host":{"apiId":"/providers/Microsoft.PowerApps/apis/shared_legalbotaitools","connectionName":"shared_legalbotaitools","operationId":"Top_Keywords"},"parameters":{"send top N keywords request/clean":"@triggerBody()['boolean']","send top N keywords request/use_stopwords":"@triggerBody()['boolean_1']","send top N keywords request/stop_word_model":"@triggerBody()['text']","send top N keywords request/num_keywords":"@triggerBody()['number']","send top N keywords request/key_word_model":"@triggerBody()['text_2']","send top N keywords request/file/fileContent":"@base64(outputs('Get_file_content')?['body'])","send top N keywords request/file/name":"@outputs('Create_file')?['body/Name']","send top N keywords request/user_defined_stopwords":"@triggerBody()['text_1']","send top N keywords request/exclude_words_shorter_than":"@triggerBody()['number_1']"},"authentication":{"value":"@json(decodeBase64(triggerOutputs().headers['X-MS-APIM-Tokens']))['$ConnectionKey']","type":"Raw"}}}},"outputs":{},"description":"A flow to extract the top keywords from a document. This is a trigger flow with a requirement to attach a document. Use this template to create more complex examples of document AI analysis. This flow requires: (1) Microsoft One Drive for Business connection; and (2) LegalBot AI Tools API Key. You can get your API at this site: http://www.legalbot-ai-tools.com/ Details about Top Keywords settings can be found here: https://docs.microsoft.com/en-us/connectors/legalbotaitools/"},"connectionReferences":{"shared_onedriveforbusiness":{"connectionName":"shared-onedriveforbu-1a3c81bd-8501-47cb-969b-879d-0be80553","source":"Invoker","id":"/providers/Microsoft.PowerApps/apis/shared_onedriveforbusiness","tier":"NotSpecified"},"shared_legalbotaitools":{"connectionName":"shared-legalbotaitoo-8bc309b0-4fe5-4c35-9c21-7d4b-6ef0d349","source":"Invoker","id":"/providers/Microsoft.PowerApps/apis/shared_legalbotaitools","tier":"NotSpecified"}},"flowFailureAlertSubscribed":false}}