{"name":"464d0fc0-eae7-42c5-9775-a7d8ada0b6e2","id":"/providers/Microsoft.Flow/flows/464d0fc0-eae7-42c5-9775-a7d8ada0b6e2","type":"Microsoft.Flow/flows","properties":{"apiId":"/providers/Microsoft.PowerApps/apis/shared_logicflows","displayName":"LegalBot AI Tools - Document similarity","definition":{"metadata":{"workflowEntityId":null,"flowclientsuspensionreason":"None","flowclientsuspensiontime":null,"creator":{"id":"2eae43cd-3519-445d-ac8c-fec3502cc27b","type":"User","tenantId":"b380e9cb-a266-4b16-9ab5-351c5fd873b0"},"provisioningMethod":"FromDefinition","failureAlertSubscription":true,"clientLastModifiedTime":"2020-11-02T15:41:21.3625678Z"},"$schema":"https://schema.management.azure.com/providers/Microsoft.Logic/schemas/2016-06-01/workflowdefinition.json#","contentVersion":"1.0.0.0","parameters":{"$connections":{"defaultValue":{},"type":"Object"},"$authentication":{"defaultValue":{},"type":"SecureObject"}},"triggers":{"manual":{"type":"Request","kind":"Button","inputs":{"schema":{"type":"object","properties":{"file":{"title":"File Content","type":"object","x-ms-dynamically-added":true,"description":"Please select file or image","x-ms-content-hint":"FILE","properties":{"name":{"type":"string"},"contentBytes":{"type":"string","format":"byte"}}},"text":{"title":"Stopword model","type":"string","x-ms-dynamically-added":true,"description":"Please enter your input","x-ms-content-hint":"TEXT","enum":["None","Basic","Legal_v1","user_only"]},"text_1":{"title":"Custom stop words","type":"string","x-ms-dynamically-added":true,"description":"Please enter your input","x-ms-content-hint":"TEXT"},"boolean":{"title":"Clean Text","type":"boolean","x-ms-dynamically-added":true,"description":"Please select yes or no","x-ms-content-hint":"BOOLEAN"},"boolean_1":{"title":"Use Stopwords","type":"boolean","x-ms-dynamically-added":true,"description":"Please select yes or no","x-ms-content-hint":"BOOLEAN"},"number_1":{"title":"Exclude short words","type":"number","x-ms-dynamically-added":true,"description":"Please enter a number","x-ms-content-hint":"NUMBER"},"file_1":{"title":"File Content 1","type":"object","x-ms-dynamically-added":true,"description":"Please select file or image","x-ms-content-hint":"FILE","properties":{"name":{"type":"string"},"contentBytes":{"type":"string","format":"byte"}}},"boolean_2":{"title":"Lemmatize","type":"boolean","x-ms-dynamically-added":true,"description":"Please select yes or no","x-ms-content-hint":"BOOLEAN"},"boolean_3":{"title":"Stem","type":"boolean","x-ms-dynamically-added":true,"description":"Please select yes or no","x-ms-content-hint":"BOOLEAN"}},"required":["text","text_1","boolean","boolean_1","number_1","boolean_2","boolean_3"]}}}},"actions":{"Create_file":{"runAfter":{},"type":"OpenApiConnection","inputs":{"host":{"apiId":"/providers/Microsoft.PowerApps/apis/shared_onedriveforbusiness","connectionName":"shared_onedriveforbusiness","operationId":"CreateFile"},"parameters":{"folderPath":"/","name":"@triggerBody()['file']['Name']","body":"@triggerBody()?['file']?['contentBytes']"},"authentication":{"value":"@json(decodeBase64(triggerOutputs().headers['X-MS-APIM-Tokens']))['$ConnectionKey']","type":"Raw"}},"runtimeConfiguration":{"contentTransfer":{"transferMode":"Chunked"}}},"Get_file_content":{"runAfter":{"Create_file":["Succeeded"]},"type":"OpenApiConnection","inputs":{"host":{"apiId":"/providers/Microsoft.PowerApps/apis/shared_onedriveforbusiness","connectionName":"shared_onedriveforbusiness","operationId":"GetFileContent"},"parameters":{"id":"@outputs('Create_file')?['body/Id']","inferContentType":true},"authentication":{"value":"@json(decodeBase64(triggerOutputs().headers['X-MS-APIM-Tokens']))['$ConnectionKey']","type":"Raw"}}},"Similarity":{"runAfter":{"Document_Similarity_NLP":["Succeeded"]},"type":"Compose","inputs":"@outputs('Document_Similarity_NLP')?['body/similarity']"},"Create_file_2":{"runAfter":{"Get_file_content":["Succeeded"]},"type":"OpenApiConnection","inputs":{"host":{"apiId":"/providers/Microsoft.PowerApps/apis/shared_onedriveforbusiness","connectionName":"shared_onedriveforbusiness","operationId":"CreateFile"},"parameters":{"folderPath":"/","name":"@triggerBody()['file_1']['Name']","body":"@triggerBody()['file_1']['contentBytes']"},"authentication":{"value":"@json(decodeBase64(triggerOutputs().headers['X-MS-APIM-Tokens']))['$ConnectionKey']","type":"Raw"}},"runtimeConfiguration":{"contentTransfer":{"transferMode":"Chunked"}}},"Get_file_content_2":{"runAfter":{"Create_file_2":["Succeeded"]},"type":"OpenApiConnection","inputs":{"host":{"apiId":"/providers/Microsoft.PowerApps/apis/shared_onedriveforbusiness","connectionName":"shared_onedriveforbusiness","operationId":"GetFileContent"},"parameters":{"id":"@outputs('Create_file_2')?['body/Id']","inferContentType":true},"authentication":{"value":"@json(decodeBase64(triggerOutputs().headers['X-MS-APIM-Tokens']))['$ConnectionKey']","type":"Raw"}}},"Document_Similarity_NLP":{"runAfter":{"Get_file_content_2":["Succeeded"]},"type":"OpenApiConnection","inputs":{"host":{"apiId":"/providers/Microsoft.PowerApps/apis/shared_legalbotaitools","connectionName":"shared_legalbotaitools","operationId":"Document_Similarity_NLP"},"parameters":{"Document similarity with NLP/clean":"@triggerBody()['boolean']","Document similarity with NLP/use_stopwords":"@triggerBody()['boolean_1']","Document similarity with NLP/stop_word_model":"@triggerBody()['text']","Document similarity with NLP/lemmatize":"@triggerBody()['boolean_2']","Document similarity with NLP/stemming":"@triggerBody()['boolean_3']","Document similarity with NLP/file1/fileContent":"@base64(outputs('Get_file_content')?['body'])","Document similarity with NLP/file1/name":"@outputs('Create_file')?['body/Name']","Document similarity with NLP/file2/fileContent":"@base64(outputs('Get_file_content_2')?['body'])","Document similarity with NLP/file2/name":"@outputs('Create_file_2')?['body/Name']","Document similarity with NLP/user_defined_stopwords":"@triggerBody()['text_1']","Document similarity with NLP/exclude_words_shorter_than":"@triggerBody()['number_1']"},"authentication":{"value":"@json(decodeBase64(triggerOutputs().headers['X-MS-APIM-Tokens']))['$ConnectionKey']","type":"Raw"}}},"Text_Analysed":{"runAfter":{"Similarity":["Succeeded"]},"type":"Compose","inputs":"@outputs('Document_Similarity_NLP')?['body/text_analysed']"}},"outputs":{},"description":"A flow to calculate the similarity between two documents. This is a trigger flow with a requirement to attach two documents. Use this template to create more complex examples of document AI analysis. \n\nThis flow requires: (1) Microsoft One Drive for Business connection; and (2) LegalBot AI Tools API Key. \n\nYou can get your API at this site: http://www.legalbot-ai-tools.com/ \n\nDetails about Document Similarity settings can be found at this site: https://docs.microsoft.com/en-us/connectors/legalbotaitools/"},"connectionReferences":{"shared_onedriveforbusiness":{"connectionName":"shared-onedriveforbu-1a3c81bd-8501-47cb-969b-879d-0be80553","source":"Invoker","id":"/providers/Microsoft.PowerApps/apis/shared_onedriveforbusiness","tier":"NotSpecified"},"shared_legalbotaitools":{"connectionName":"shared-legalbotaitoo-8bc309b0-4fe5-4c35-9c21-7d4b-6ef0d349","source":"Invoker","id":"/providers/Microsoft.PowerApps/apis/shared_legalbotaitools","tier":"NotSpecified"}},"flowFailureAlertSubscribed":false}}