{"name":"cd82ee4d-ebdf-49e5-a95f-bac14f860492","id":"/providers/Microsoft.Flow/flows/cd82ee4d-ebdf-49e5-a95f-bac14f860492","type":"Microsoft.Flow/flows","properties":{"apiId":"/providers/Microsoft.PowerApps/apis/shared_logicflows","displayName":"LegalBot AI Tools - Translate Text - Template","definition":{"metadata":{"workflowEntityId":null,"flowclientsuspensionreason":"None","flowclientsuspensiontime":null,"creator":{"id":"2eae43cd-3519-445d-ac8c-fec3502cc27b","type":"User","tenantId":"b380e9cb-a266-4b16-9ab5-351c5fd873b0"},"provisioningMethod":"FromDefinition","failureAlertSubscription":true,"clientLastModifiedTime":"2020-11-04T15:28:55.1826499Z"},"$schema":"https://schema.management.azure.com/providers/Microsoft.Logic/schemas/2016-06-01/workflowdefinition.json#","contentVersion":"1.0.0.0","parameters":{"$connections":{"defaultValue":{},"type":"Object"},"$authentication":{"defaultValue":{},"type":"SecureObject"}},"triggers":{"manual":{"type":"Request","kind":"Button","inputs":{"schema":{"type":"object","properties":{"text":{"title":"Source Language","type":"string","x-ms-dynamically-added":true,"description":"Please enter your input","x-ms-content-hint":"TEXT"},"text_1":{"title":"Target Language","type":"string","x-ms-dynamically-added":true,"description":"Please enter your input","x-ms-content-hint":"TEXT"},"text_2":{"title":"Text","type":"string","x-ms-dynamically-added":true,"description":"Please enter your input","x-ms-content-hint":"TEXT"}},"required":["text","text_1","text_2"]}}}},"actions":{"Translated_Text":{"runAfter":{"Translate_Text":["Succeeded"]},"type":"Compose","inputs":"@outputs('Translate_Text')?['body/TranslatedText']"},"Translate_Text":{"runAfter":{},"type":"OpenApiConnection","inputs":{"host":{"apiId":"/providers/Microsoft.PowerApps/apis/shared_legalbotaitools","connectionName":"shared_legalbotaitools","operationId":"Translate_Text"},"parameters":{"send translation request/target_language":"@triggerBody()['text_1']","send translation request/source_language":"@triggerBody()['text']","send translation request/text_to_translate":"@triggerBody()['text_2']"},"authentication":{"value":"@json(decodeBase64(triggerOutputs().headers['X-MS-APIM-Tokens']))['$ConnectionKey']","type":"Raw"}}}},"outputs":{},"description":"A flow to translate a text using neural machine translation. This is a trigger flow with a requirement to attach a document. Use this template to create more complex examples of text translation. This flow requires: (1) Microsoft One Drive for Business connection; and (2) LegalBot AI Tools API Key. You can get your API at this site: http://www.legalbot-ai-tools.com/ Details about Translate Documents settings can be found here: https://docs.microsoft.com/en-us/connectors/legalbotaitools/"},"connectionReferences":{"shared_legalbotaitools":{"connectionName":"shared-legalbotaitoo-8bc309b0-4fe5-4c35-9c21-7d4b-6ef0d349","source":"Invoker","id":"/providers/Microsoft.PowerApps/apis/shared_legalbotaitools","tier":"NotSpecified"}},"flowFailureAlertSubscribed":false}}