{"name":"1a1f54bd-1536-47ff-ac3a-98e6d8a5309d","id":"/providers/Microsoft.Flow/flows/1a1f54bd-1536-47ff-ac3a-98e6d8a5309d","type":"Microsoft.Flow/flows","properties":{"apiId":"/providers/Microsoft.PowerApps/apis/shared_logicflows","displayName":"LegalBot AI Tools - Translate Document - Template","definition":{"metadata":{"workflowEntityId":null,"flowclientsuspensionreason":"None","flowclientsuspensiontime":null,"creator":{"id":"2eae43cd-3519-445d-ac8c-fec3502cc27b","type":"User","tenantId":"b380e9cb-a266-4b16-9ab5-351c5fd873b0"},"provisioningMethod":"FromDefinition","failureAlertSubscription":true,"clientLastModifiedTime":"2020-11-02T17:38:09.3319884Z"},"$schema":"https://schema.management.azure.com/providers/Microsoft.Logic/schemas/2016-06-01/workflowdefinition.json#","contentVersion":"1.0.0.0","parameters":{"$connections":{"defaultValue":{},"type":"Object"},"$authentication":{"defaultValue":{},"type":"SecureObject"}},"triggers":{"manual":{"type":"Request","kind":"Button","inputs":{"schema":{"type":"object","properties":{"file":{"title":"File Content","type":"object","x-ms-dynamically-added":true,"description":"Please select file or image","x-ms-content-hint":"FILE","properties":{"name":{"type":"string"},"contentBytes":{"type":"string","format":"byte"}}},"text":{"title":"Source Language","type":"string","x-ms-dynamically-added":true,"description":"Please enter your input","x-ms-content-hint":"TEXT"},"text_1":{"title":"Target Language","type":"string","x-ms-dynamically-added":true,"description":"Please enter your input","x-ms-content-hint":"TEXT"}},"required":["text","text_1"]}}}},"actions":{"Create_file":{"runAfter":{},"type":"OpenApiConnection","inputs":{"host":{"apiId":"/providers/Microsoft.PowerApps/apis/shared_onedriveforbusiness","connectionName":"shared_onedriveforbusiness","operationId":"CreateFile"},"parameters":{"folderPath":"/test","name":"@triggerBody()['file']['Name']","body":"@triggerBody()?['file']?['contentBytes']"},"authentication":{"value":"@json(decodeBase64(triggerOutputs().headers['X-MS-APIM-Tokens']))['$ConnectionKey']","type":"Raw"}},"runtimeConfiguration":{"contentTransfer":{"transferMode":"Chunked"}}},"Translate_Documents":{"runAfter":{"Get_file_content":["Succeeded"]},"type":"OpenApiConnection","inputs":{"host":{"apiId":"/providers/Microsoft.PowerApps/apis/shared_legalbotaitools","connectionName":"shared_legalbotaitools","operationId":"Translate_Documents"},"parameters":{"Send document translation request/source_language":"@triggerBody()['text']","Send document translation request/target_language":"@triggerBody()['text_1']","Send document translation request/file/fileContent":"@base64(outputs('Get_file_content')?['body'])","Send document translation request/file/name":"@outputs('Create_file')?['body/Name']"},"authentication":{"value":"@json(decodeBase64(triggerOutputs().headers['X-MS-APIM-Tokens']))['$ConnectionKey']","type":"Raw"}}},"Get_file_content":{"runAfter":{"Create_file":["Succeeded"]},"type":"OpenApiConnection","inputs":{"host":{"apiId":"/providers/Microsoft.PowerApps/apis/shared_onedriveforbusiness","connectionName":"shared_onedriveforbusiness","operationId":"GetFileContent"},"parameters":{"id":"@outputs('Create_file')?['body/Id']","inferContentType":true},"authentication":{"value":"@json(decodeBase64(triggerOutputs().headers['X-MS-APIM-Tokens']))['$ConnectionKey']","type":"Raw"}}},"Link_to_translated_document":{"runAfter":{"Translate_Documents":["Succeeded"]},"type":"Compose","inputs":"@outputs('Translate_Documents')?['body/document_link']","description":"This link can be used by OneDrive for Business (upload document from URL)"}},"outputs":{},"description":"A flow to translate a document using neural machine translation. This is a trigger flow with a requirement to attach a document. Use this template to create more complex examples of document translation. This flow requires: (1) Microsoft One Drive for Business connection; and (2) LegalBot AI Tools API Key. You can get your API at this site: http://www.legalbot-ai-tools.com/ Details about Translate Documents settings can be found here: https://docs.microsoft.com/en-us/connectors/legalbotaitools/h"},"connectionReferences":{"shared_onedriveforbusiness":{"connectionName":"shared-onedriveforbu-1a3c81bd-8501-47cb-969b-879d-0be80553","source":"Invoker","id":"/providers/Microsoft.PowerApps/apis/shared_onedriveforbusiness","tier":"NotSpecified"},"shared_legalbotaitools":{"connectionName":"shared-legalbotaitoo-8bc309b0-4fe5-4c35-9c21-7d4b-6ef0d349","source":"Invoker","id":"/providers/Microsoft.PowerApps/apis/shared_legalbotaitools","tier":"NotSpecified"}},"flowFailureAlertSubscribed":false}}